[{ "id": "8BD2E50E46CF4210B751BEA332FB0DB1", "parent" : "#", "text": "Adding an employee", "a_attr": {"href": "Addinganemployee.html", "data-related": "[]"} },{ "id": "098C740F53CD49C89875B7EEBA6C4072", "parent" : "#", "text": "Antivirus software", "a_attr": {"href": "SystemRequirements.html", "data-related": "[]"} },{ "id": "DBF9FA3BBCB24B358C1C4F0E1600A902", "parent" : "#", "text": "Assembler", "a_attr": {"href": "Employeetypes.html", "data-related": "[]"} },{ "id": "D9F18E26383146AC8BD7CFC67C64F1D2", "parent" : "#", "text": "Budget", "a_attr": {"href": "Creatingreportsfuturereleases.html", "data-related": "[]"} },{ "id": "25684B1268A3416CB10E80B93FC87D76", "parent" : "#", "text": "Calculating pay", "a_attr": {"href": "CalculatingEmployeePay.html", "data-related": "[]"} },{ "id": "23AD6431D50A4A6EA6394DBBEE6C93FA", "parent" : "#", "text": "Classification Level", "a_attr": {"href": "DatarequirementsforCalculatingPa.html", "data-related": "[]"} },{ "id": "AAF7921895C541F08490E348FAD47516", "parent" : "#", "text": "Client Services", "a_attr": {"href": "Employeetypes.html", "data-related": "[]"} },{ "id": "9B7FF13E8BD7492C8D547DAAB08C3B1C", "parent" : "#", "text": "Creating reports", "a_attr": {"href": "Creatingreportsfuturereleases.html", "data-related": "[]"} },{ "id": "FA811B2E05FD473C9A94E139E7A25697", "parent" : "#", "text": "Date Hired", "a_attr": {"href": "DatarequirementsforCalculatingPa.html", "data-related": "[]"} },{ "id": "17672C5E3FED4F77BB3CCA00FD775C90", "parent" : "#", "text": "Employee Database", "a_attr": {"href": "ManagingtheEmployeeDatabase.html", "data-related": "[]"} },{ "id": "93951F350A694FC290317B03BD807C1A", "parent" : "#", "text": "Employee record", "a_attr": {"href": "Viewinganemployee.html", "data-related": "[]"} },{ "id": "1CFC87A153624D29B02BE22A50E47FC4", "parent" : "#", "text": "Employee types", "a_attr": {"href": "Employeetypes.html", "data-related": "[]"} },{ "id": "9DEBA514386644DBBE9E996203BC6C38", "parent" : "#", "text": "Financial Services", "a_attr": {"href": "Employeetypes.html", "data-related": "[]"} },{ "id": "C34D991212E242378CFF695EEBDB1984", "parent" : "#", "text": "Hardware specifications", "a_attr": {"href": "SystemRequirements.html", "data-related": "[]"} },{ "id": "521A08E2343F4FB9AE0F6F66F65C42A5", "parent" : "#", "text": "Identification number", "a_attr": {"href": "DatarequirementsforCalculatingPa.html", "data-related": "[]"} },{ "id": "EFDB47EA65174DB498AF1A664D5E4295", "parent" : "#", "text": "Initializing the database", "a_attr": {"href": "Initializingthedatabase.html", "data-related": "[]"} },{ "id": "526DA1F0D9D845A9AF8706EC60253061", "parent" : "#", "text": "Installation", "a_attr": {"href": "Howtoinstall.html", "data-related": "[]"} },{ "id": "3DF2B3BA869142F985750E8C207378E0", "parent" : "#", "text": "List of employees", "a_attr": {"href": "Creatingreportsfuturereleases.html", "data-related": "[]"} },{ "id": "4B161BFBE71D481893DDE9EA744E14DF", "parent" : "#", "text": "Manager", "a_attr": {"href": "Employeetypes.html", "data-related": "[]"} },{ "id": "C628C9C6FE5842D7B731CAE56EC4E4A6", "parent" : "#", "text": "Managing Employee database", "a_attr": {"href": "ManagingtheEmployeeDatabase.html", "data-related": "[]"} },{ "id": "909D973CC649475BA59FA4348BEBD598", "parent" : "#", "text": "Operating Systems", "a_attr": {"href": "SystemRequirements.html", "data-related": "[]"} },{ "id": "15D1171656614D41B97536193ACA6242", "parent" : "#", "text": "Payroll", "a_attr": {"href": "Welcome.html", "data-related": "[{\"title\":\"Welcome\",\"url\":\"Welcome.html\"},{\"title\":\"Managing the Employee Database\",\"url\":\"ManagingtheEmployeeDatabase.html\"},{\"title\":\"Getting Started\",\"url\":\"GettingStarted.html\"}]"} },{ "id": "162685E94FEF4B32B615E8348997FFFF", "parent" : "#", "text": "Removing an employee", "a_attr": {"href": "Removinganemployee.html", "data-related": "[]"} },{ "id": "2B2FEABBA26249679D368FD328A6BC7C", "parent" : "#", "text": "Research and Development", "a_attr": {"href": "Employeetypes.html", "data-related": "[]"} },{ "id": "1E938D68A6C74AF5882EA62828043B9E", "parent" : "#", "text": "Salaries", "a_attr": {"href": "Creatingreportsfuturereleases.html", "data-related": "[]"} },{ "id": "47215ADE2AD84B57A3918AD89B3E34CF", "parent" : "#", "text": "Salary Variance", "a_attr": {"href": "Creatingreportsfuturereleases.html", "data-related": "[]"} },{ "id": "B1032C086B8B442480F7FA34A7D71A41", "parent" : "#", "text": "Sales and Marketing", "a_attr": {"href": "Employeetypes.html", "data-related": "[]"} },{ "id": "E1E05763D3D54A83A25A1426EAC69B0B", "parent" : "#", "text": "Sales Staff", "a_attr": {"href": "Employeetypes.html", "data-related": "[]"} },{ "id": "3FEB1D5B52964F4AAD2E16B22F18A98E", "parent" : "#", "text": "Section", "a_attr": {"href": "DatarequirementsforCalculatingPa.html", "data-related": "[]"} },{ "id": "58AA6F0E5042421F868E52AC3BB27F24", "parent" : "#", "text": "Shipping and Receiving", "a_attr": {"href": "Employeetypes.html", "data-related": "[]"} },{ "id": "003C5CF47E2B485D85AE44DF99213A4B", "parent" : "#", "text": "Software Requirements", "a_attr": {"href": "SystemRequirements.html", "data-related": "[]"} },{ "id": "24303257452A4287873CC40E77085819", "parent" : "#", "text": "Tax", "a_attr": {"href": "Creatingreportsfuturereleases.html", "data-related": "[]"} },{ "id": "E83EE977096D42D49C4D63BA33B7FBFF", "parent" : "#", "text": "Update employee records", "a_attr": {"href": "Updatingemployeerecords.html", "data-related": "[]"} },{ "id": "186BF7FAE5C542069657FD445B6E3E9D", "parent" : "#", "text": "Viewing an Employee", "a_attr": {"href": "Viewinganemployee.html", "data-related": "[]"} },{ "id": "444135B917C24210AC6530BC16F74163", "parent" : "#", "text": "Wage to Salary ratio", "a_attr": {"href": "Creatingreportsfuturereleases.html", "data-related": "[]"} },{ "id": "F0810024B6DE4C959553D4234C7DF738", "parent" : "#", "text": "Wage Variance", "a_attr": {"href": "Creatingreportsfuturereleases.html", "data-related": "[]"} },{ "id": "BFB6073987324B08AED295F8B5DFF94F", "parent" : "#", "text": "Wages", "a_attr": {"href": "Creatingreportsfuturereleases.html", "data-related": "[]"} },{ "id": "FE738615DC594165A85F3FBA1CA6822C", "parent" : "#", "text": "Yard Worker", "a_attr": {"href": "Employeetypes.html", "data-related": "[]"} }]