[{ "id": "Welcome", "parent" : "#", "text": "Welcome", "a_attr": {"href": "Welcome.html"}  },{ "id": "GettingStarted", "parent" : "#", "text": "Getting Started", "a_attr": {"href": "GettingStarted.html"}  },{ "id": "SystemRequirements", "parent" : "GettingStarted", "text": "System Requirements", "a_attr": {"href": "SystemRequirements.html"}  },{ "id": "Howtoinstall", "parent" : "GettingStarted", "text": "How to install", "a_attr": {"href": "Howtoinstall.html"}  },{ "id": "Initializingthedatabase", "parent" : "GettingStarted", "text": "Initializing the database", "a_attr": {"href": "Initializingthedatabase.html"}  },{ "id": "ManagingtheEmployeeDatabase", "parent" : "#", "text": "Managing the Employee Database", "a_attr": {"href": "ManagingtheEmployeeDatabase.html"}  },{ "id": "Viewinganemployee", "parent" : "ManagingtheEmployeeDatabase", "text": "Viewing an employee", "a_attr": {"href": "Viewinganemployee.html"}  },{ "id": "Addinganemployee", "parent" : "ManagingtheEmployeeDatabase", "text": "Adding an employee", "a_attr": {"href": "Addinganemployee.html"}  },{ "id": "Removinganemployee", "parent" : "ManagingtheEmployeeDatabase", "text": "Removing an employee", "a_attr": {"href": "Removinganemployee.html"}  },{ "id": "Updatingemployeerecords", "parent" : "ManagingtheEmployeeDatabase", "text": "Updating employee records", "a_attr": {"href": "Updatingemployeerecords.html"}  },{ "id": "Creatingreportsfuturereleases", "parent" : "ManagingtheEmployeeDatabase", "text": "Creating reports (future releases)", "a_attr": {"href": "Creatingreportsfuturereleases.html"}  },{ "id": "CalculatingEmployeePay", "parent" : "#", "text": "Calculating Employee Pay", "a_attr": {"href": "CalculatingEmployeePay.html"}  },{ "id": "References", "parent" : "#", "text": "References", "a_attr": {"href": "References.html"}  },{ "id": "Employeetypes", "parent" : "References", "text": "Employee types", "a_attr": {"href": "Employeetypes.html"}  },{ "id": "DatarequirementsforCalculatingPa", "parent" : "References", "text": "Data requirements for Calculating Pay", "a_attr": {"href": "DatarequirementsforCalculatingPa.html"}  }]